"area","rooms","bathrooms","price"
2894.52066859865,3,3,663777.421475233
3419.05942155125,2,3,756874.96643715
3285.66504314317,2,3,726469.887675506
3238.47027261833,3,4,735771.451165348
3007.21435797593,3,3,684045.335992235
2908.27471384962,1,1,638718.397342413
3174.06245941807,2,2,715400.125723599
2790.08666035239,3,1,645598.247867542
2673.94640621883,3,2,611635.098838789
2800.66425948396,3,3,660201.003408038
3082.59898924077,3,2,688199.284519839
2985.34356604818,3,3,673200.129344384
3197.44432766519,4,2,733219.313643242
2958.99133286432,2,3,666903.711060004
2796.72518774391,2,3,618983.038851958
2879.01080401657,2,2,648728.996898101
3088.58436982615,2,3,704929.305609733
3224.83581104323,2,2,712280.309693802
2779.6011040699,2,3,639800.691080665
3189.64648791351,2,2,719736.937510348
3030.27386921746,3,3,690634.464612884
2894.51109350998,2,3,670532.422899429
2861.80074527234,3,2,650301.85102918
3160.97251120479,2,3,716962.612554274
3003.26144123336,2,2,673589.350074673
2906.24051255168,2,1,656050.520564253
3164.39567637139,3,3,711050.303813485
2991.98490335682,2,2,676445.911764775
2817.26410493712,3,2,644154.489062946
3270.62051837125,2,2,719960.002292927
3167.46628593266,3,2,701219.293369673
2779.7100794631,2,3,658356.066170669
3050.25997942043,3,3,694547.681877449
2994.58223162849,3,2,679778.907293635
3065.76273923691,3,4,701510.468204995
3108.27939794344,3,3,715173.726599611
3255.98295676106,2,3,728778.309048862
2791.56077808271,2,3,648589.571802392
2665.49065639621,4,2,603059.56226756
3197.68604601459,3,3,721193.843800206
3050.48575484919,3,2,683599.591592915
3309.69958902895,3,3,746859.463480335
2832.10957488792,3,3,643852.920525471
2899.8462325794,3,2,663408.972937849
3346.42752323994,3,4,768740.131824627
3120.86174823393,2,3,707823.699411305
3133.86115475622,3,3,711986.207137112
3007.32163624309,3,2,677951.471317867
3147.95206119545,2,2,716050.426067063
3032.04220035503,3,3,684663.588013081
3522.07917526791,3,2,779860.6858352
2400.01008328969,3,3,569199.957668534
2994.68199540318,2,2,658944.776207339
3108.93765513329,2,3,702438.379229371
3228.12821393432,3,3,736747.895249634
2778.52404652111,3,2,636060.316754858
3122.64349651281,3,3,707854.248853451
2562.89006198984,3,2,582793.979717022
2930.07614920474,3,3,678665.376962302
3040.35769832999,3,3,698716.98622247
2531.46156145611,3,2,575708.714356581
3306.80769306754,3,3,751242.335809432
2924.55650493311,3,3,666887.195321913
3071.56563875258,4,2,683549.323641652
3157.91268756388,3,3,711079.357095874
2830.02830802273,2,3,640456.454518164
3076.92141010215,2,2,697315.388615744
2812.54071342278,2,2,645133.815786976
3163.21200474062,2,2,707241.188749211
2975.92788373358,3,3,682504.420811952
3138.69051469069,2,2,697670.98965049
3099.33579282813,3,2,691716.439967568
2753.48308393449,2,3,618718.301616973
3099.64771381176,2,3,712582.331135807
3099.12279228097,3,2,701006.938285657
3052.1690753365,3,3,694070.169564939
2917.43329369462,3,3,680089.691844854
3055.64140817647,3,3,694665.723901471
2753.20515661574,2,4,639606.142694506
3050.12243549548,2,2,703876.543218553
2608.3252538741,2,2,604081.631845882
3005.16803661371,2,3,670681.970956016
2934.00697967903,3,2,668349.204726369
2648.00468666321,2,2,603471.441263691
2648.8229100844,2,4,605518.405682394
3206.75926125041,3,3,735380.816654668
2682.89695463347,3,3,622452.92733573
3021.31003876082,3,3,692822.376473393
2961.50817524373,2,2,658962.236653372
3286.17761790383,3,2,734257.262976101
3050.0315061209,3,3,696350.216664091
2994.17760134115,2,3,672473.441406439
3104.35013860433,3,2,706798.642011891
3169.22306215043,2,3,706384.813789555
2679.5641492948,3,3,608977.651186895
2722.21376507783,3,2,612788.223059224
3129.62291847034,3,2,698836.102603636
3183.22070537653,2,1,707502.32437776
2988.71383117867,2,2,671231.109259704
3130.44471657523,3,3,707070.55735311
3002.28537819702,3,3,680499.672658226
2907.70090338542,2,2,655802.76204407
2950.37011962972,3,2,674954.952311574
3365.70532745517,2,3,747600.064621879
2685.65333819854,3,3,607658.546976516
3096.50282592552,2,3,696064.918451654
3202.39820675597,2,3,710659.216265415
3009.81759517523,3,3,682243.436392401
3064.19894710477,2,2,692830.391603578
2942.63293198009,2,2,660646.08914933
3359.01753965613,2,3,753599.751009745
3245.92872091054,2,3,740089.23363727
3007.01452058231,3,2,676164.707542881
2538.93916095286,2,2,587586.061477311
3251.72994417503,4,2,732660.596944836
2863.97995351078,2,4,656818.064865458
3036.21417480793,3,2,693152.835718123
3262.77528685905,1,2,731620.847631595
2990.50137011193,3,3,686172.039317497
2816.98288161813,3,3,645536.949389235
2961.80143043399,3,2,683330.254496354
2910.1247160906,2,2,659213.220243995
3062.09593370615,3,3,709662.340538516
3138.4737499633,3,2,694896.899923429
2913.48848600068,3,3,672804.045165231
3636.29159183511,3,3,819591.930157483
2799.24350058849,2,2,649647.306908816
3083.85115856745,3,3,697331.629093894
3041.95572000815,3,3,686349.937974431
3119.37497931794,3,3,715977.73758452
2889.16332225056,3,3,652515.079252053
2616.09799220805,3,3,612490.160678774
3266.66983604697,3,2,746773.861698342
3131.50516942057,2,1,704319.143619503
2946.85222329819,3,3,663998.252251402
3171.64141608883,2,2,717374.488373245
2757.40955456954,2,3,635684.179683414
2901.5244839023,3,4,666340.299548818
2961.05498908686,2,3,664399.118332869
3409.68721306376,2,3,754459.648964244
2951.73208584823,3,3,676928.253650281
3081.36061437615,2,3,713832.482056402
2982.99719128325,2,3,674861.9776993
2893.81615080121,3,3,655612.45119211
2980.91061401754,3,2,681547.387691549
2898.56759761151,2,3,646480.809178261
3084.27805600183,3,2,690121.204383499
2913.90277339931,3,2,651560.60773527
2685.77348216899,2,2,596495.970215462
3003.94357163496,3,2,668607.785717201
3124.78696504359,2,3,707978.852708366
2858.93289436762,3,3,665050.050873892
2823.42034367503,2,3,644413.202164561
2941.36910911436,2,3,677412.338918586
2782.15199290152,2,3,641327.554547347
2649.44837836306,2,3,610742.987361713
3198.45457111375,3,3,724554.274084611
3078.61749715921,1,2,674541.471610109
3009.86605881455,3,3,691189.23628729
3041.79197385713,2,3,700622.723504122
3077.68390382513,3,2,685632.039461041
3020.4282061006,3,3,683659.837854522
2855.90342568123,2,3,647844.975387103
3284.55038401623,3,2,727046.264007449
2954.6318678982,2,2,662636.007067384
3048.85546072372,3,2,699903.084800128
2789.65523549624,3,3,644334.856672729
2728.89182760998,3,2,611487.631794532
3020.88114103582,3,2,691277.117271974
3202.84930756994,3,3,721248.635501477
2716.18374501395,2,2,620196.548106541
2849.71705852226,2,3,651822.048834945
2906.23823405955,2,3,660190.475880104
3079.42468557303,1,3,694644.48627644
3541.83842584107,3,2,795633.984848478
2839.95529650498,3,3,655607.398229509
2398.25510969705,3,2,562797.407399337
2964.51408972598,2,3,670570.557765444
3116.86112090081,3,3,696618.212257727
3053.62282823024,2,3,692087.353546646
2485.06490514096,2,3,576541.493334816
2909.00364729135,2,2,660401.256132067
3181.36246403564,2,3,714392.67125039
3006.75447879357,3,3,674271.641988738
3211.80892393897,3,2,715129.081658293
3237.14535799913,3,3,740818.596470835
3295.04004341112,3,3,745597.019817798
2988.2079324661,3,2,688593.188763886
2940.59400110787,2,3,677200.274027405
3246.66345910547,1,1,715435.928434386
3115.54969881987,3,2,701510.719886367
3112.18408601211,3,3,707188.506243054
2694.20254664461,2,2,609785.714409364
3142.64811128857,2,3,704649.630200741
2848.37434213107,3,2,656642.8921319
3006.74813678157,2,2,671179.889500947
2700.13630450685,2,3,626201.679284129
3238.31986478228,2,2,719688.106171133
3093.76504081717,3,3,697430.075498287
3163.45816709443,2,2,718407.931695931
3090.2784624835,3,3,699627.038091394
2841.37231969732,3,2,636870.341524336
3081.31774217398,3,2,692811.478543787
3055.11786654115,3,2,689287.932198989
2907.93763237388,2,2,637758.5853695
2729.8570893656,2,3,617721.810601338
2959.66473280036,2,2,671753.364637974
3056.34510897392,3,3,682266.486538809
2986.49127840412,3,2,669779.251088587
3196.4212921554,2,3,716744.633882408
2783.6937619073,2,2,625853.892315119
3128.50363028086,3,2,693666.59812712
3248.04294833716,2,3,728139.660647987
3077.61299380078,2,2,680101.326507472
3035.20787151406,3,2,694910.624023704
2869.83561903934,2,4,651041.599370385
2703.06583866087,2,3,616266.016465085
2932.08306248914,3,2,652072.848596839
3629.91357182744,3,2,803501.098243078
2886.48287478174,3,3,664872.616155872
3161.84404652624,4,2,713435.59083444
3368.87629578323,3,2,756674.903831875
3088.15016339714,3,3,715232.570170775
3049.48256520382,2,2,681633.974110141
2970.72227332748,3,2,693912.308795855
3136.66412247525,2,2,690237.052622566
2920.4611866918,2,3,663389.450058919
3425.56709109114,2,2,765630.738417648
2988.49830671697,2,3,661746.025849186
2867.63784922019,2,3,639747.270403384
3296.54213034822,3,3,739912.263846293
2883.5537627056,2,3,673600.373285585
2913.13182829967,3,3,668189.661925087
3067.98961858954,2,2,694612.915873315
2666.82280298628,3,2,619608.892751682
3321.25780889366,3,3,739591.885863341
3301.31234040695,2,2,742910.865418279
3097.29884812236,2,2,695927.76634151
3111.24788387035,3,2,709778.628171474
2709.10379320701,3,3,642924.221246648
2679.71393418565,2,2,617911.102187536
2843.27079118951,3,3,643319.414105034
2891.75347597956,2,3,650728.092494609
3100.95162058162,2,1,689377.282966619
2864.07583610639,2,1,652446.30058077
2758.60784579964,4,3,640321.408484449
2923.21230734838,3,2,666073.553722538
3050.63541609209,3,2,689702.023193485
2979.60597225782,3,2,680652.600316432
3583.89300965889,3,2,793455.753826066
3213.80016058792,3,3,730356.258141065
2852.37400181928,3,3,654553.931489565
3184.53672152803,3,3,717044.582891883
2918.47487505608,2,3,673470.602293724
3041.03365531726,3,4,693815.412040469
3270.12476931104,2,2,734200.238856069
3022.62935687535,1,2,674963.697289982
3076.36911050409,2,3,707847.988516165
2919.01971735798,3,2,666769.712180165
2759.344665729,2,2,627100.337057728
2823.88466438751,2,3,635439.976745286
2475.25678475377,3,3,588489.607850263
2960.3022523808,3,2,668295.747494039
2760.49202656886,2,3,642871.280058057
3161.36430052497,3,2,712537.299514416
2930.50909657186,3,2,656284.651739036
2932.37430168829,3,2,666685.240444615
2543.54090886897,2,2,585766.040904608
3117.48057086208,2,2,719344.517407329
3070.83313781603,2,3,696749.433957602
3296.07721999483,3,3,749088.058132636
3098.42522192372,2,2,691777.644132967
2994.69608717314,3,2,681398.363011809
3061.39026732936,1,2,683155.228697622
2703.04798972837,2,3,632705.981322601
2874.31481868705,2,3,651778.216312368
3207.70085184659,2,1,710562.259634273
2903.72670186193,2,3,653643.38409568
3069.77175619517,2,3,686513.806985029
3156.68415220582,2,2,698984.722237963
3136.92631512205,2,3,707029.067624223
3512.94260516183,2,2,780912.478403145
2915.11536153444,3,2,665928.236194752
3072.95936640688,3,2,701590.702735527
2986.7672939365,2,3,685608.790218161
2931.77847839833,2,2,652224.735139012
3223.08628967097,3,3,726381.427991173
3094.21073457054,2,3,706435.326919671
3255.60511331704,2,2,733817.531272113
3081.70455426244,2,3,698193.972432284
3066.17384758086,2,2,691756.551586567
2913.81705554109,3,3,667623.642468831
2989.8898817652,3,3,686155.5148108
3045.17043231295,2,2,694065.762692542
2647.46265742514,3,3,620939.32824175
3067.90805539146,2,2,688781.197317775
2902.87487266102,3,3,674958.974628897
2481.49875660873,3,3,561389.093626652
3010.74896719757,3,3,693221.065932326
3112.47481067445,3,2,704710.99120009
2834.42083681102,2,2,637253.412846169
3021.42793097195,3,3,678418.02625852
3035.65782247099,2,2,691650.379827753
2844.44996548563,2,3,645026.074538431
3327.70048852252,2,3,744809.030721062
3052.60145486973,2,1,673820.462058297
2797.62974272864,2,1,635104.775215954
2878.08964985069,3,3,664370.936457698
3012.42508424651,3,2,670056.79915228
3150.87159286317,2,2,707453.686027881
2942.43254033991,3,3,666201.283516827
2909.31835200134,2,3,654251.362357697
3059.75759598263,2,3,687202.593077654
2676.46517756039,2,3,621460.781383963
3028.4490342135,3,2,691183.932373833
2798.88468111925,3,2,644319.947364093
2897.01827595855,3,3,652354.735173955
3153.46998512116,3,3,712099.301517937
3014.53846261569,3,2,675593.649670964
2907.52789603025,2,2,644081.280505459
3300.60467994025,2,3,749541.935562152
2933.72961609183,3,2,646507.453742819
3037.71021007112,3,3,688043.104946343
2937.94483931132,2,3,669361.425366391
3311.25619811654,2,2,726953.478468412
2983.7822360572,3,3,687123.758002511
3110.3830361637,2,2,703471.553506247
3230.69301398787,3,2,718392.226741982
3235.40906422312,3,3,745528.371449379
2931.78707146526,3,3,678396.702837608
2979.29836322977,3,2,675588.431217971
2980.19136149137,4,3,679299.980564374
3110.85271646627,3,2,698545.2106133
2563.37014837217,3,2,591381.522853436
2819.1167104527,2,3,640292.352890917
3140.9032501185,2,1,692107.540181054
2694.12778008738,4,3,622922.457857182
2533.43168305521,3,2,591018.813139314
3091.5786081931,2,3,682998.723561248
2983.13332149596,4,3,692444.111397035
2982.86894265862,2,3,687184.367404974
3038.43558570805,1,2,684868.512804226
3231.90645857422,2,2,723101.84666477
3200.3320555284,2,2,704767.606875174
3074.56342496745,2,2,708485.986285722
3117.48323681332,4,2,702977.489819704
2910.89988179293,2,3,660173.82656957
3096.65143996745,3,3,701779.577545405
3082.21809025483,2,2,691994.849648453
2633.53658665712,2,3,605099.025955799
3107.69682104628,3,2,709385.722162432
2687.55468550841,3,3,617947.673900143
3111.76285561876,2,3,700248.123148268
2793.55470930368,2,2,630926.999949852
2691.87402190004,3,2,615292.846102706
3285.46765926041,3,3,737063.533078386
2904.07984697986,3,3,661466.378516546
3101.05762709023,2,3,699695.208496219
2839.48476941332,3,3,644085.694634601
3356.1807687726,3,2,759968.470786649
3455.25670503222,2,3,763299.728662433
3027.89746345325,2,2,671580.492249373
3008.98753500716,3,2,685640.855585021
3256.52856854169,3,2,732466.395485397
2898.23912704543,2,3,665473.503357845
2681.52257683518,4,3,621541.619363518
3099.00914652393,3,3,693178.268088195
3142.06262307817,3,2,710618.482953332
2957.14787473846,2,2,684236.517362885
3160.06479097732,3,3,722139.703681202
2867.87663290502,3,3,651142.064197421
3287.75451785595,2,3,731875.915256067
2997.90019222911,2,3,671697.084489765
3128.84570947651,3,2,699083.561648798
3400.97554505208,3,2,763118.34972573
3087.09117405977,3,2,696017.204353279
3047.47180080208,2,3,701149.708451066
3124.46808595724,3,2,703788.782146484
3257.79447892129,2,3,741848.360465599
2929.74535951909,2,2,658509.582236212
3155.18403497216,3,2,716144.325617029
3269.12609187578,3,3,738775.947242638
3352.29117718288,2,3,750830.395639462
3064.69160640655,3,2,682947.357957987
2978.18566724549,2,4,688018.022896485
3075.66098964907,2,3,682576.926653903
3193.25413571104,2,3,726018.755013989
3081.88098060957,2,3,709376.155248435
3073.68685172813,2,2,696675.294778298
3101.24348909897,2,3,699338.298500387
3065.35935640207,3,2,687663.205702662
3201.60579889518,2,2,723451.976294362
2943.33931253129,2,3,681762.939611822
2897.75714885721,3,3,672600.537068379
3462.4696689953,2,3,775702.609585672
2929.55927554642,2,2,675716.041538909
2784.52434771861,3,3,631343.260559644
3089.23640937046,3,3,706132.417450176
2907.46919656164,2,2,665469.993041469
2626.8341040951,2,3,599659.222443894
2738.43723037156,3,3,643441.62579124
2770.3442032837,2,2,633374.784017468
2956.35654549137,3,3,681559.227304755
3134.74105365126,3,3,706722.017850643
3384.14699592153,2,3,759037.551177709
3224.10749396895,3,3,732511.878803652
3222.14037337207,3,2,724285.298170257
3085.11505059842,3,3,707803.132602967
3180.21768231865,2,3,726981.773094533
3146.02961880259,2,2,707246.650875366
2830.18481030458,2,3,656932.438839781
2813.45895127115,2,2,647146.279210797
3153.19869846669,2,3,712705.553493138
2801.61446792373,2,3,639213.762584308
3076.10431655351,2,2,694552.900659132
3033.39590794215,2,2,677027.755983457
3089.14757518714,3,3,693433.248308328
2961.8523652934,2,3,675884.273530465
2923.12900398001,3,3,667208.891048376
3133.91031379621,3,2,704419.440730277
2520.30889701806,3,3,593102.349027379
3245.53484010417,2,3,737110.769454872
3123.25375743366,2,2,705049.989376081
3066.75732208374,2,3,703486.738953789
3211.50490988761,3,2,734239.776401772
3113.48571423619,2,2,695838.270927598
3268.15100383091,2,3,746753.036026902
3244.52629167949,3,3,737188.369443608
2846.28071948301,2,2,649732.136311417
3386.35683542592,3,3,739238.123508642
2716.33048135462,2,2,623557.927812952
3335.96482375993,3,3,743577.67421002
3101.12225204426,3,2,702814.960008063
3073.49525355393,2,2,693945.480886935
3148.56534973694,3,2,709424.190031692
3321.07841708478,3,2,740972.317813029
2826.31361048875,3,2,643879.468682217
3266.27599371419,2,2,718228.012979588
2646.30514904058,2,2,595885.225971996
2832.55017610601,3,2,640282.534476851
2806.99878969288,2,4,646671.057832919
2994.58209384704,3,2,686204.936402197
3199.52882056371,3,1,725679.115938511
2803.99865067831,2,2,647910.423449501
2823.49280246817,2,2,632461.590951247
2962.53025052068,3,4,686577.485604474
3051.58377278577,3,2,697017.228701411
3045.47953521059,2,2,688940.229512638
3026.94724235795,2,3,683081.929146014
2609.66739821901,2,3,595305.508287709
2783.32276143006,2,2,630042.439725571
3170.48759380323,3,3,719269.24726962
3222.2141293951,3,3,727654.104530903
2850.29796309402,3,2,651809.420309022
3173.69920013625,3,2,706119.173102711
3033.8021762003,2,2,678354.098726179
3312.29438437205,2,2,728669.765446253
3029.15521075906,2,2,668855.917254684
3090.52645941478,1,3,694369.262468014
2844.01720654991,3,3,654490.510224046
3009.47718668526,3,2,678992.537348878
2994.38481572224,1,1,660386.155844673
2800.26403001844,2,2,621291.896107753
3255.58433558186,3,3,726173.715446966
2886.34766851756,2,3,668616.280647826
3034.73673135303,3,3,688744.951420911
3149.24845352035,3,3,714842.156428256
3096.54926058495,3,3,704769.983356801
2824.80565494227,2,3,642300.466080738
3127.09359263028,3,3,696739.662986996
2901.75853066707,2,2,663078.636205922
2611.51674926341,3,2,609395.787673645
3053.5303828429,4,1,693514.29064441
2541.51630187018,2,2,594644.634033511
2925.8801173706,2,3,678308.087958756
3405.60979837554,3,2,758907.027780017
2755.45933383497,2,2,624330.794345246
2944.09560437556,2,3,669514.659823029
2937.38729578389,2,3,676053.40256223
3262.4563534008,3,3,723311.556632855
2819.47081389763,2,2,639908.334896095
2597.66442437406,3,2,620563.719005368
3005.63847622347,2,3,666926.246088732
2820.20166821609,3,4,650527.686921964
2721.00569421372,3,3,635676.721354487
2949.28215101682,3,3,670968.08502738
3202.50887988672,2,2,713505.839029132
2804.00943513441,2,3,629690.133308128
3309.38839332768,2,2,750889.628809194
3099.07327523089,2,3,717223.442581039
2782.32475561782,2,3,642401.315217844
3171.29706488709,3,3,721002.144756513
2967.41760320857,3,2,674424.489948447
3103.02873640728,2,3,699183.357427701
3220.57698241342,2,3,720702.189086722
2623.52101163909,3,2,600560.503606651
3073.88050642021,3,3,704108.654561497
3068.77103833788,3,2,687468.538665997
3003.6766780914,3,3,682839.358627032
3106.55735134142,3,3,706600.539015955
2983.50421996205,2,2,671619.957471738
3005.21008091211,3,2,675948.026370371
2952.40987203672,3,3,659208.542245059
3162.08272019577,3,4,712218.550532023
2908.4073326403,3,3,656426.364217841
2933.36563579867,3,3,676969.732546887
3403.23396456471,2,2,749332.839599615
3199.7525101601,3,2,718625.449782797
2674.56842002069,2,3,609156.092639919
2840.28265554831,3,2,653141.071739829
3049.85479238605,2,3,702041.75792696
2823.3027998717,3,3,648130.336696732
3217.65788524268,2,1,706285.486954412
3188.14055347932,3,3,708791.9872675
2997.33905656612,2,2,680241.386772413
3231.67120886585,2,3,716613.352754408
3316.08499843698,2,3,728360.387626293
3342.97022561178,2,3,751924.445836761
2503.3590452051,2,3,573613.629485732
2891.0400309758,3,2,659381.960775617
2626.04763615813,2,2,598066.823957011
2676.92601630337,3,3,619446.204630623
3059.0991116524,2,2,682212.206567013
2859.91555073145,3,3,654760.622284129
3049.40787939351,3,3,687298.193922293
2741.19518095147,2,2,632665.986735397
3184.31382239727,3,2,722347.753294621
3250.88962089431,2,3,731677.00140314
3054.79898190745,3,3,686593.644808057
3191.54434858069,3,3,718032.558771059
3307.13097076724,4,2,746541.983995588
2965.47033843857,3,3,676405.288760157
2859.95844223762,3,2,644404.31162031
3000.04894558052,2,3,680241.72780056
2908.95698516385,3,2,646610.247753329
2853.58775220069,2,2,650115.455335727
2877.42125441086,2,3,658459.486219631
2941.81087397932,2,2,672236.100768576
2958.37735881613,2,2,664682.743705992
3014.54833634965,2,1,663142.447667064
3034.80470032161,3,2,687526.324484253
2683.60862799108,3,2,620411.447011836
2860.67529851285,2,2,656643.088083912
3119.36794238938,2,2,691790.167810274
2952.53104647813,3,2,673190.595252599
2987.30519859287,2,2,662224.648790931
3101.43384885327,3,3,699844.82836977
2865.47747966992,3,2,654667.288546574
2991.09355435846,2,2,667294.04088773
2920.36439081117,3,3,662068.017392086
2948.12121410603,2,3,675056.592363405
2603.64403374754,3,3,592359.395694076
2556.74096493712,3,2,595870.649053024
2548.68815099166,2,2,592397.575142574
3144.02069554218,2,2,706851.100568315
2953.33382298851,2,2,671821.958044605
3109.25521415209,2,4,698467.721424699
3092.51005181862,4,3,694777.361397795
3114.96537898893,2,2,699453.622624434
2984.97857005072,3,3,686152.733018229
3080.85156317842,3,3,681918.142874345
3221.57850302282,3,3,725680.489668184
2997.82918106829,2,2,675951.373935153
2617.14847335827,2,3,589925.336979142
2892.85604732253,2,3,660288.191237673
2938.51329380809,3,3,667923.108785209
3070.63044390583,3,3,700570.48540019
2846.3565585685,3,2,668544.220044126
2834.06093135582,2,3,642587.810368959
2753.29121194493,2,2,621494.215802614
3024.10643291186,3,2,683569.231485181
2886.79161489418,3,3,667902.742614893
3216.99826712434,2,2,724487.518082174
3058.09016767678,3,3,686251.953037364
2872.83471943959,2,3,648147.318369422
2933.79197139959,2,4,678246.01667364
2761.77049607743,3,3,645357.422883554
2911.19761903835,2,3,665998.763595217
2946.61590920609,2,2,671792.077427173
2784.66387699167,2,2,635203.917254594
3395.09332310367,2,2,731714.448259783
3178.0577905769,2,3,714786.931360852
2678.90787838944,2,2,613321.957319763
2934.2136444582,2,3,659242.407261233
2843.38942432093,2,3,645565.629138756
3225.4605174483,3,3,730406.451409581
3037.32353950487,2,2,683831.703512225
2935.56811608231,3,3,684476.754005773
3148.59125216778,3,2,703962.400848945
2974.9054998258,2,3,678829.415939773
2937.92732122075,3,3,672248.209015787
2982.03561445435,2,2,675916.310251476
2852.1420910305,2,2,653359.608319814
2966.51044772136,3,3,667761.689477978
3068.4344222701,2,3,703041.786305942
3099.3545411286,2,2,697659.768838305
2834.01645924706,3,3,652159.413929323
2970.72041334435,3,2,682895.539233787
3183.07845364401,2,2,711460.776638185
3055.78490130497,2,2,692935.530502083
3340.23323930089,2,2,734223.332008728
2965.49234923682,3,3,678627.737843766
2923.36603482016,2,3,666510.712867498
2946.64112785177,3,3,658503.977049196
3171.64202038407,3,3,731348.492424735
3040.54596635385,2,2,688599.630327087
2783.35718165627,3,2,638362.461432011
3556.18725778851,3,2,791106.694485099
3063.9446831258,1,3,686122.382230399
2955.23175400943,2,3,663797.071013322
3335.8914483908,3,2,761833.671283014
3434.33034409636,2,2,759266.44995359
3089.0694735274,3,3,722496.111048005
3063.29180957897,3,2,698485.777355721
2838.37377831601,2,2,647982.497311139
3387.11744764849,3,3,760348.108819838
2736.99708645308,2,3,631889.258956585
3135.58472552651,3,2,720382.926667501
2773.97075553013,2,4,646366.704201652
3137.87954493213,3,2,701608.571585098
3005.53512126039,2,2,671969.412952508
3098.1734135629,2,2,685779.677700358
2765.22497761411,3,4,640483.884091596
3264.01978265623,3,3,738738.579168818
2806.12776231529,2,2,623435.836461717
2941.04322439032,3,2,669535.407822346
2673.31702801337,2,3,611027.414975961
3000.11153272268,3,3,686857.501699517
2955.84111270087,3,2,675848.5797857
3103.1923832003,3,2,696456.020059578
3185.33937830539,2,3,716047.43238327
3115.00953079613,2,2,695848.910640734
2941.96565346815,2,3,667577.688089839
3105.53995506982,2,3,698538.493705086
2988.23852218933,3,2,691058.037550206
2821.16683909004,3,2,646117.779940767
3276.18453530636,3,2,740661.256404918
2955.9229432852,2,3,676171.746328054
3050.26311885903,3,3,694742.830171174
3180.5079428012,3,2,717088.800002105
3096.31139012821,3,2,684040.718504047
2671.42105632677,2,3,628959.474603927
2728.46344196092,2,2,617610.529925964
3048.05053157229,3,2,682428.339875859
2788.69636204285,2,2,632134.787652591
3093.65005722986,2,4,716534.135184237
3057.70444094188,3,2,686535.749845724
2809.61485440066,2,2,634654.936398892
2628.75369652773,2,2,599291.404586318
3160.7434795972,2,2,707228.551552703
3157.26129474537,2,1,720272.538269982
2938.7339655636,3,3,673403.371316611
2842.83487546626,3,3,654799.396529963
2933.64949682755,3,2,665281.839822027
2932.6590012149,1,2,655949.109850783
3039.76136005646,3,3,702316.054236523
2727.00483118138,2,2,628003.194371406
3049.12451191903,3,2,677686.428211878
3288.72547867764,3,1,730105.084785412
2827.85633905366,2,2,636743.711997678
2912.6102380298,3,2,661270.186660044
3059.05455703815,2,3,691928.409265233
3062.04459433147,2,2,687369.212017236
2805.15653657214,2,3,640703.547779682
3270.80995429645,3,2,739366.088958709
3308.23077178858,3,2,733830.638290485
3458.36322947116,2,3,773876.765240144
3189.26509246901,3,2,718078.443022098
2775.82641102093,3,2,627264.037031279
3416.05973694068,2,3,772703.334121758
3029.20527034891,3,3,692011.691139848
2988.01581959016,3,3,690279.687983557
2773.8569481175,3,3,643623.338775095
2970.8503464273,2,3,663420.037388627
3284.09136540434,3,3,735440.092330682
3410.8868647996,3,2,755046.947629053
3112.52091480228,3,3,716149.012441367
3055.19665088823,2,3,691417.435007557
2575.91431168525,2,3,586572.309962231
3044.79735032905,4,2,695942.319542725
2979.07579540779,2,2,664873.07926222
2693.31561081205,2,3,609982.27695173
2993.11136358872,2,3,680534.479011697
2930.39037663811,2,2,657187.562170362
3131.88166220856,2,2,717205.296144288
2972.03354034017,2,3,672899.768129707
3049.10313612396,2,2,684829.641065881
2957.19473854998,2,3,673710.198350001
2971.83875641158,3,2,669082.308237386
3185.15576652395,3,3,732389.589538942
2832.9101761605,3,3,649478.946482616
2651.04293966718,3,2,603741.806650866
3088.56640785307,2,1,690414.44207906
3293.3722297113,2,3,757504.664778888
3201.55408192948,3,3,709283.917880086
2837.05755771815,2,3,653854.307558093
3020.73138216797,3,2,669709.695292351
3091.63782441434,2,2,702487.698973793
2650.70683064204,3,2,603140.7018293
2925.47475044146,3,3,666314.119583757
3157.83062051397,3,2,716897.387858129
3165.7244136177,3,3,720387.128909687
3357.88661375248,3,2,749781.781451277
3242.91489608201,2,2,719813.249312316
2928.5053054113,2,2,648330.875680632
3076.03648332557,3,3,686771.060955933
2809.44065522505,2,3,652717.183311914
2921.92404908477,2,3,682601.546872975
2996.73198996604,3,3,687125.518714239
3276.98552449952,2,3,745988.010975376
3340.3445822762,2,3,757582.829752603
2959.21790279124,2,3,677492.525404878
2431.36067129552,3,3,566361.984186881
2674.84618896124,2,2,615280.516256255
3222.73685239137,3,3,705875.756037149
3280.52872566462,2,3,729940.369986156
3248.5073691643,3,3,731398.230775431
3031.09500950899,2,2,677799.787166927
3150.48878631795,3,3,713438.229373287
3068.92667131573,3,3,706224.099387805
2680.21444229423,2,2,599826.05312423
3054.18601820717,3,2,695247.336433911
3407.28014098712,2,1,762737.491003464
2835.01073316486,3,2,643622.012331885
2314.57879246098,3,2,531624.576061643
2654.53901120226,2,2,614970.320610846
2854.11213036622,3,2,653909.37232791
3059.96755725975,2,3,687044.875400722
3069.93680770779,2,2,705427.662528012
3012.25321292224,2,2,678635.250148121
2923.30472960833,2,2,665725.70571489
3149.81416310266,3,3,710933.798329186
2893.69843843498,2,3,669805.250974172
2380.64844503186,3,2,536265.016137113
2417.94827510502,3,3,569283.755046659
3075.09909016178,3,2,675755.40401818
2777.72019050483,3,3,641377.728364937
2995.41808430347,3,2,684272.116531224
2854.22013502227,2,4,650282.50268523
2972.32237262579,3,2,672724.478126813
2554.01801129908,2,2,582017.309272716
3115.6784512386,2,3,700188.87220717
2938.28042346878,2,2,659226.434851604
3214.33517199648,3,2,724667.341948418
3021.1375780485,2,2,675123.554343586
3026.20390055493,2,3,670958.788481179
2992.29611263047,3,2,676541.946368599
2571.18559834189,3,2,587248.58333335
3230.80812716542,3,3,730904.440040818
3236.61936495528,3,2,711338.876000799
3258.01594958293,3,3,741180.130807089
2764.41790411754,3,3,643219.8582091
2969.10202317794,2,2,672818.277770887
2662.03452118727,2,2,619656.139040196
2948.34134795862,3,3,667353.899909312
2827.67619894935,3,3,639958.070965513
2778.94042639398,2,2,653972.060878137
3055.07324559327,2,2,692141.4645519
2733.07563230774,2,2,624646.264984997
3295.4283415223,2,2,728573.215945061
3264.48084010508,3,2,720274.877326995
2730.73384869775,3,3,628465.936408571
2909.20766883588,4,2,657069.400199444
2820.95230791089,2,4,646617.137676061
3158.56665347622,2,2,704749.568740014
2886.69577416195,2,3,657055.061604521
3269.90422394108,2,2,731893.756798115
2651.44851012287,3,2,607138.488447744
3001.93547602135,4,3,694100.189615792
2980.8234737146,2,3,680685.664761868
3137.26886662705,4,3,705377.83382184
2995.6150790311,3,3,690375.263544857
3157.97338658258,4,2,715149.925394595
2934.48253063558,3,3,673240.369440625
2764.68894756771,3,4,635976.906815833
3413.73601817542,2,2,765414.118211588
2992.39594316665,3,3,686276.122588599
3166.11229428508,2,2,702541.54985223
3133.75369464263,3,2,699403.351682017
3157.210467334,2,2,711577.633872508
2782.42042398156,2,2,614418.758489295
2853.09654308023,3,3,636078.461611108
2908.17467519974,1,3,662863.372640209
2893.69057940104,3,2,647797.806893142
3190.91119482873,2,2,705971.572761363
3182.46825363819,3,2,727698.182380976
2823.15017265153,3,3,652350.001267014
3340.24990030066,3,3,748546.626585801
3023.24070708721,2,3,691378.541185151
2944.81239916074,2,3,665300.435600837
2830.6871545551,3,3,641417.093209293
3184.75336123832,3,2,710784.916092083
3093.16857763369,3,2,683372.01303041
2961.62339775982,2,2,662604.561918338
3100.12440088569,3,3,719652.896177939
3205.50793380772,1,2,716630.160804856
2983.21441731429,2,2,669537.438707857
3088.15482859899,2,2,680716.64219328
2888.12953618158,2,3,668158.231641045
2983.46091986688,3,2,677782.401577918
3137.37837295104,3,4,719374.521360815
2693.72155545876,3,3,619255.559859228
2858.67258238436,3,2,635787.643523034
2997.63096681488,3,2,680027.594291614
3210.33058662248,3,3,719704.096575847
3355.01143178274,3,3,758492.881540099
2962.25194189357,4,3,670222.050440753
2699.53139741487,2,2,607548.678452549
3059.77151567556,3,3,691944.429797567
2876.84225310536,3,3,645716.967513676
3158.82733251102,2,2,705918.575819011
3120.3120417999,3,3,699755.656917982
3205.11047374822,2,2,726303.467033585
2943.70303382258,4,3,677265.539640529
2769.25210021238,3,2,621706.052192404
2776.34572424794,2,3,620840.420822615
2987.28352808201,2,2,679034.808064694
3270.21443074594,2,3,746623.539968762
3417.57623254511,2,3,769905.747934039
3266.93461634016,3,3,738128.82509917
2969.47629455865,2,3,672614.393949579
2906.51159568229,2,2,662561.012476121
3159.094750599,3,3,711613.145701185
3147.64147403686,2,3,707758.067839932
2942.038876187,3,3,689556.123853729
2968.93983409758,3,2,670718.111398105
2952.36429056365,3,2,677312.615446134
2989.73981368271,3,3,671315.284669089
2719.19743965709,2,3,617473.147121197
3259.21312375308,2,3,734162.326873205
3162.48951450202,2,3,700489.755976813
2859.92778602047,3,2,643314.775241029
2888.84623224421,2,2,648650.9286745
3069.87984694529,2,2,676897.903358613
2759.49345555602,2,1,615697.170023871
2747.56143338915,3,3,629744.757929649
3220.92633746436,3,3,729219.932226137
2904.44224454904,3,3,665484.024219785
2989.53255358061,3,3,690710.103996248
3079.26384381492,3,2,688853.120526228
2978.55669176631,2,2,658467.355634507
3104.02122253855,2,3,708696.965642794
3337.36450706168,3,2,731530.704184337
3012.48173531657,3,1,675781.46684801
3062.22479871778,2,2,693204.719245059
3106.79143591077,1,2,709437.189550936
3238.25877012874,3,2,723307.96790512
3174.51677932232,3,2,721687.586953281
3102.9519929284,3,3,715141.330525841
2973.4258768918,2,2,680728.581592731
2892.30241421644,3,2,645786.176196802
3121.55384226792,2,2,696206.403556255
2431.99921437781,2,3,564334.851353354
2802.96693210541,2,3,639286.571301767
3045.50879776329,2,1,682565.649289993
3141.92757393578,3,2,717137.213917466
3328.44920442811,2,3,748655.244150519
2767.00752379211,3,2,635931.690777895
2733.23298417071,2,3,625347.812193528
2896.44941970237,3,3,657647.753704876
3082.22416140886,2,2,701379.279417736
2835.16341483873,2,3,654625.031553751
2877.96537939682,3,3,660270.882539259
3061.89114657607,2,3,675994.662977188
3143.32886047029,2,2,713900.283866704
3106.66065179913,3,3,718875.791062329
2983.80607505511,2,3,675202.81126731
2975.20996274386,4,3,677876.398499401
3020.5917632741,2,3,684103.732215468
2982.25114207355,2,4,663876.985325619
3181.37946820707,3,2,718895.213454272
3023.492144613,2,3,686256.175924856
3088.36423281647,3,4,691106.306047689
2800.27303635617,3,3,632611.232763554
3091.62031901468,2,3,700806.040696787
3174.12188340539,3,3,703936.518480377
3021.39810179169,2,2,685738.342269593
3059.60853113431,3,3,693637.291523559
2914.80031462484,3,3,675381.965135278
3302.62040780022,2,2,725274.759921846
2772.54743204771,2,3,630009.495184097
3041.5512168918,2,2,684528.049135032
3037.24548104169,3,2,697140.806115891
3341.92140729393,3,3,747091.788339611
3044.24678429884,2,3,706949.574734265
3348.53099351759,3,3,763876.584495032
2903.85866279809,3,3,666714.598918508
2898.81181587872,3,2,658462.443633227
3313.3543259949,3,3,742247.193005159
3238.59269295755,2,3,711599.497179809
2870.63132439519,2,3,648503.999185312
2886.06831902353,2,2,641500.992531661
3140.63703214141,3,2,702259.640643346
3567.34944521339,3,3,803387.459614501
2918.08165996252,2,2,666163.374589531
3101.74582811822,2,2,701995.566671004
3140.18180619108,2,2,711382.305639194
2957.49583456795,2,2,679090.109674707
3090.49557665538,2,3,679695.597129084
3068.16900738076,2,2,693514.511063741
3483.10921385124,3,2,770927.935709598
2866.80742082326,2,1,643720.659480988
3051.05564534874,2,2,681886.206572639
2724.68244207401,3,3,609490.638267294
2994.19928411257,2,2,661876.601229268
3041.14461639509,2,3,682057.708022396
2786.22666631055,3,3,635674.308203207
3150.04368358648,4,4,721131.494214282
3113.57842722506,3,4,708136.345902639
2822.4825322378,3,2,638020.372382457
2980.94988476825,2,3,683536.936932193
3256.35424966438,3,2,733489.704223376
3199.94813313986,3,3,728398.342232752
3055.13540515352,3,2,696124.40230803
2893.11400576545,3,2,646963.416424219
3177.76914840072,4,2,716497.561127248
2943.58934173136,2,3,673875.837103589
2809.30273351602,2,3,652924.683834282
3114.85279960871,3,3,706585.796025888
2771.21114862462,3,2,636381.229444074
3180.91063801139,2,3,717448.481798628
3008.74529080604,3,3,699825.007098483
3340.26297091273,2,3,764399.935519587
3375.83176695133,3,2,750638.033018815
3054.75281552046,3,2,692273.179767203
3341.62526894973,4,3,744466.606158713
3164.68945324996,3,3,719738.33429455
3142.62005310547,3,2,709172.825936628
2897.481473727,2,2,684359.707938441
2996.78974942513,3,3,699179.925501877
3075.73294524459,3,2,691453.386404995
2555.69556364099,2,2,584672.276347366
2565.23411649004,2,2,583374.177012377
3098.45535914255,3,3,720441.945754362
3138.9982055544,2,3,706718.987706366
3280.65722301534,2,2,734200.147673202
3331.69268691296,3,3,742212.462908704
2807.00463078947,2,2,640915.907463111
2900.94909168834,3,2,654870.565815599
3184.029605938,2,3,727382.5192311
3524.87419446774,2,3,788170.115207146
3015.57183245957,3,2,686953.00353763
2749.47068422294,3,3,639447.830682502
3065.56513844765,2,2,705330.081818604
2990.86577777948,2,2,673642.414315124
2886.41184041075,2,3,646252.644231498
2778.2200558998,3,2,630465.554756452
2815.89039534524,2,2,641392.086822737
3243.20253812799,2,3,723878.391238811
2824.46951646346,3,2,631991.2054845
2973.46228393501,3,1,668177.048087002
3136.23747091678,3,3,692613.280024799
3261.75644833733,3,2,731199.052679625
3036.86067714734,2,2,686293.287640471
3402.47454936738,3,2,779534.274871899
3041.91905682154,3,2,686924.436754094
3400.96307447253,2,3,760116.557758322
3005.68219833207,2,3,680436.138617647
3069.73306184038,2,3,692581.282963897
2984.5959917944,2,2,676364.866575575
3203.90483113188,2,2,714317.472455346
3170.96725269463,2,2,709626.251575926
2896.34764547788,3,3,653271.226728238
2935.48974015781,3,1,657950.229174451
3098.45431232534,2,3,689035.319674104
3076.87020555913,2,2,695262.43680508
2979.48342464824,2,3,684766.010579623
3401.6809035755,3,2,755572.608639542
2727.96446257618,2,2,633073.02184176
3181.01029735042,3,3,725066.201097541
3324.06082006742,2,3,751115.1660486
2909.74589883269,2,2,640594.801006129
2832.86466372518,3,3,646449.907338154
3218.7916076655,3,3,731829.458990502
3126.22196147294,2,2,710713.203424831
2806.58699712913,2,3,651479.934427879
3076.57947085558,2,2,698510.018569313
2699.7314894449,2,3,617811.293752676
3109.46886042365,2,3,709820.717168794
2896.60243841224,3,3,667368.350096597
3282.0004476358,3,2,724327.248505838
3183.21823312675,2,2,698615.126718848
2783.94323797884,2,2,627980.182297509
3224.12469280792,2,2,714820.980692222
3401.22296746149,3,2,755807.117030592
2706.75922563869,2,3,602628.587612633
2864.71110950024,2,3,671398.494277431
2749.01797347262,3,2,621411.276580086
2745.88572115147,3,3,631934.174745828
2972.38858210278,2,3,679819.031986351
2779.72602858655,2,2,642180.505194225
3315.74325665528,3,3,757557.042117311
3063.69408957895,2,2,679192.797319266
2967.5071868687,3,3,682874.43510788
2837.44580698102,2,2,655014.469016685
3089.77693983174,3,3,702383.611678548
3206.85850682213,2,3,730593.569470134
3449.50522728219,2,3,780026.100913633
2951.92217629102,2,2,663685.860662562
3156.36005095351,3,3,711575.022503754
